{
  "hash": "5ae41ac9",
  "configHash": "05eb1ffe",
  "lockfileHash": "d1c9d730",
  "browserHash": "b3d099a8",
  "optimized": {
    "@angular/core": {
      "src": "../../../../../node_modules/@angular/core/fesm2022/core.mjs",
      "file": "@angular_core.js",
      "fileHash": "06969aaa",
      "needsInterop": false
    },
    "@angular/platform-browser": {
      "src": "../../../../../node_modules/@angular/platform-browser/fesm2022/platform-browser.mjs",
      "file": "@angular_platform-browser.js",
      "fileHash": "79ee9074",
      "needsInterop": false
    },
    "@angular/router": {
      "src": "../../../../../node_modules/@angular/router/fesm2022/router.mjs",
      "file": "@angular_router.js",
      "fileHash": "957fac70",
      "needsInterop": false
    },
    "@angular/common": {
      "src": "../../../../../node_modules/@angular/common/fesm2022/common.mjs",
      "file": "@angular_common.js",
      "fileHash": "c240418c",
      "needsInterop": false
    }
  },
  "chunks": {
    "chunk-XK5SYI5D": {
      "file": "chunk-XK5SYI5D.js"
    },
    "chunk-PPY3APMN": {
      "file": "chunk-PPY3APMN.js"
    },
    "chunk-ZDDPHS7B": {
      "file": "chunk-ZDDPHS7B.js"
    }
  }
}